text,label,category,from,date
"Diwali Special Crypto Market Update! Email Copyright ¬© 2018-2022 CoinDCX, All rights reserved. Please do not share your OTP, Password or any sensitive information with anyone. DISCLAIMER : Crypto products and NFTs are unregulated and can be highly risky. There may be no regulatory recourse for any loss from such transactions. In case of queries, you may write to support@coindcx.com If you'd like to unsubscribe and stop receiving these emails click here .",0,promotions,info@engage.coindcx.com,24-10-2022
"Join the Waitlist NOW and get an Early Access toEarn!¬†ü§© Introducing Earn For Passive Crypto Earnings on your Crypto Investments Get Early Access Earn is a safe & secure way for CoinDCX users to deposit their crypto assets & get passive earnings on their crypto holdings. How Earn Works? 1. Discover Explore our list of Earn enabled cryptos 2. Invest Deposit your available crypto Earn 3. Earn Now sit back & let your crypto Earn for You. Key Features of Earn. Cancel anytime Secured returns by CoinDCX No Extra Charges 20,000+ HODLers have already Earned! Make your crypto work for You! Earn competitive returns on coins selected through our proprietary 7M Framework Join the early access waitlist today! Register, share & stand a chance to win Bitcoin worth up to √¢‚Äö¬π1,000 daily! Get Early Access Copyright 2018-2022 CoinDCX, All rights reserved. Please do not share your OTP, Password or any sensitive information with anyone. DISCLAIMER: Crypto products and NFTs are unregulated and can be highly risky. There may be no regulatory recourse for any loss from such transactions. For any queries, write to support@coindcx.com . If you'd like to unsubscribe and stop receiving these emails click here .",0,promotions,info@engage.coindcx.com,28-05-2022
"Celebrate Diwali Crypto Wali! Email Copyright ¬© 2018-2022 CoinDCX, All rights reserved. Please do not share your OTP, Password or any sensitive information with anyone. DISCLAIMER : Crypto products and NFTs are unregulated and can be highly risky. There may be no regulatory recourse for any loss from such transactions. In case of queries, you may write to support@coindcx.com If you'd like to unsubscribe and stop receiving these emails click here .",0,promotions,info@engage.coindcx.com,22-10-2022
‚ö° Quick approval! ‚Çπ15 Lakhs in your Bank instantly! If you'd like to unsubscribe and stop receiving these emails click here .,0,promotions,alerts@mailer.moneycontrol.com,27-09-2024
"Your Mine account needs your attention Hey Ansh, We're having trouble connecting to your account You have an account with Mine which requires your attention. Login to reconnect so we can keep monitoring your footprint for you. Login now ( https://saymineapp.com/?utm_source=Notification&utm_medium=email&utm_campaign=Revoked&utm_content=CTA ) 2020 Mine¬Æ All rights reserved 23 Derech Begin - Tel Aviv-Yafo - 6618356 - Israel Update your email preferences ( https://saymineapp.com/subscriptions?utm_source=Notification&utm_medium=email&utm_campaign=Revoked&utm_content=preferences ) or Unsubscribe ( https://u14508181.ct.sendgrid.net/asm/unsubscribe/?user_id=14508181&data=M6urflcq3M2uIZsWY3FMIPNh4jWvGuZn0MP4W5VoBmtoMDAwdTAwMABp4G-yOc901WbZKtt_0-wHX_cTaBFpLuz3DPzaV29d70C0TIZRy2R_u_M-sBqkO3QKVTV8aUysj6B_5tcpopAeAUL6vMqSYZqd6HrKsEEiHI9Y1QBXchcm6PJRXuash3eC84Tt2gaKmRzjPXH8tS4bZ8B68VrlV7IFix2B9lun3qSER1PWBl08PDPq0JxG8P4WWqV41lqbyqfCunbc5FnH1CKNPevemX9I-FslgzeyLK4Fa51N3eTmssuVAUPt2wgUxOcHpabY3Vn9zBMOYZ__ZcpigAj-wfVzNohMJcfOIXTglAlf7RSf44qq2ZKPpDs2ufwqoj6CkAt6fuAszr3C0BsOFxT8D549hFPBh3j1F4gQpOV_MU37arcfmzbHHhIK8Ltfaoam1_lOgoR8IhIetc6YZN3K9DNHtVT2SY0wlnga_CWUWOLyB7lCM4Z1-WDwVeDoWfnfVQ5PhHP-bcaPRVsWLmZP7aGHvfRHq-SbDeiz5Y4YwH6VIJskxzuD00UmYQbde2T3mnPRc-fpIBGvZHVE1bknVAveon2lHKPRKACwVVAe6fxfUYashq68KhIH-zIuE3N95NyX_057GCJQm27BMpR1zHRewroqSmLvguy9teachpP9FCxHlDvRObljQhQW3zGOgkTUmO1E5J7IIWnrgSJ4LwlkrU_CUnDzYnKKx94sbgmJuQ5DYBXGJM_1_QWm431X2nXQfZTYIIxJu7d-i5l8K7H3ws2EcN6AIaYMrmsKOcjLkM48wsXu1Q1Nkg1iQUc47kyV3bA1jUSBI6tPP9Do3Gtm7Vmj2K-gweLQYS5RM60NPdY1l4YWZviCK2MBgNRyRNw7eRFxIcfIF8F0QOvEYZYuQaLZHQVzMxYelyiztTTje7u9yZp-gS-ECjImM8PeuZsCgya0kLhijqDRC-uHP1r35PkxTmifvcVKgVFj-drItlANwuDKHmxLv2nVVSDWhlO3IE05jvI3qONHYYGOzUp6ckcWz8jsdJS7cj6DtDH7eW12_GALZ35YaPmSWYp5HCco_USyAlACNuV7KslQFFfITbH_CRiebQ4XLZFeFITY3ANnuTR_l54Gjhg_rT4UDXtjFUO_3S1Q3SJNEfRWs4GEyzp5hraxDo_6OcR2hlYDDArZEQ3uN_6D1ZxahexvW5XSSNWlv0HgJL7tYrgnxMy5UVBwMTNrxK3voJJptWiuwp0qvEJ8BQ== )",0,promotions,hello@saymine.com,05-10-2022
"B.Tech 2023 Applications | Checkout Now Shiksha POPULAR INSTITUTIONS OFFERING B.Tech | B.E Program Submit Your Application Chandigarh University NAAC A+ Graded University | Registers 6100+ Placements Offers for 2023 Batch | Offers upto 100% Scholarships | 2000+ Patents Filed Successfully Submit Your Application Lovely Professional University Ranked 23 rd amongst Top Universities by THE World University Rankings 2023 | 30000+ Students | 50000+ Alumni | 2000+ Recruiters hired LPU Students Submit Your Application Amity University Noida India's Leading Research & Innovation driven Pvt. Univ. | Asia's Only Univ. with the Highest US & UK Accreditation | 25K Merit Scholarship awarded Submit Your Application UPES Ranked 65 th among Top Universities by NIRF'22 | 96.55% Placements | 700+ Recruiters | Ranked 243 in Asia, as per QS Asia University Rankings 2023 Submit Your Application Sharda University NAAC A+ Graded | 4401 Students Studying with Scholarship & Freeship worth 20.92 Cr | 450+ Companies Hiring | 23000+ Alumni | 13000+ Students on Campus Submit Your Application GD Goenka University 100+ Programs | 100% Scholarship in Academic Fee | 3 Lakh+ Applications in CUET | International Collaborations | 45+Nationalities On Campus Submit Your Application Gr. Noida Institute of Technology Admissions 2023-24 Open | 5000+ Students | 93% Placements | 400+ Faculties | 18000+ Alumni | 36 corporate training programmes | Smart classroom for Modern way of teaching To unsubscribe click here to visit the Accounts & Settings page and change your mail preferences",0,promotions,college_alerts@shiksha.com,06-07-2023
"IPO season is back Nifty50 15,814 ‚ñº -45 (-0.2%) Sensex 52,735 ‚ñº -189 (-0.3%) After a gap-up opening the markets witnessed profit booking. Of the Nifty50 stocks, 27 stocks closed in the red. Among the Nifty sectoral indices, PSU Bank (2.4%) and Metal (1.2%) were top gainers, whereas Media (-0.6%) and IT (-0.4%) declined the most. Top gainers (Nifty50) Dr Reddy's ‚ñ≤ 1.8% Hindalco ‚ñ≤ 1.7% Divis Lab ‚ñ≤ 1.7% Top losers (Nifty50) HDFC Life ‚ñº 4.1% Titan ‚ñº 1.3% TCS ‚ñº 1.1% Here are the top stories of the day. Dr Reddy‚Äôs launches Covid drug The pharma major today announced that it has launched 2-deoxy-D-glucose ( 2-DG ), which is a drug it developed along with the Defence Research and Development Organisation for the treatment of Covid patients. The company will supply 2-DG to government and private hospitals across India. Shares of Dr Reddy‚Äôs were up around 1.8% today. Thyrocare slips on acquisition by PharmEasy Shares of diagnostic chain Thyrocare Technologies fell by around 9% after online pharmacy PharmEasy‚Äôs parent said on Friday that it will acquire 66% stake in the diagnostics firm. The acquisition price is ‚Çπ1300 per share, about 10% lower than the previous closing price. The online pharmacy platform is buying a majority stake in Thyrocare for ‚Çπ4,546 crore . The deal will trigger an open offer for the purchase of an additional 26% stake in the company. Power Mech bags big project The infrastructure and construction company today announced that it has bagged a ‚Çπ9,294 crore project for mine development and operations from a subsidiary of state-owned Coal India. The contract is almost 4x the Power Mech's FY21 revenue. The project, which has been awarded to a consortium headed by Power Mech Projects, will be for 25 years. The shares of the company have risen by around 6% today. IPOs make strong listing Shares of Dodla Dairy today listed at a premium of 28.5% to their issue price of ‚Çπ428. Similarly, Krishna Institute of Medical Sciences (KIMS Hospital) also made a strong debut, listing on the exchanges at 22% higher than its issue price of ‚Çπ825. The IPO action is expected to continue in the coming week. India Pesticides, which was oversubscribed 29 times on Friday, is set to hit the exchanges on July 5. Closing bell The markets struggled to hold fort at higher levels due to weakness in index heavyweights Reliance Industries and the HDFC twins. Today, the government announced further relief measures for pandemic-affected sectors, including healthcare, microfinance and tourism. Primarily, the government will provide guaranteed coverage to banks and NBFCs on the emergency credit extended to businesses in these sectors. Meanwhile, investors appear to be confident in sectors where demand is rather certain, such as the sugar sector where the underlying demand for ethanol remains strong. Good to know What is an open offer? When a company A acquires a majority stake in company B, it is required to provide an opportunity to the existing shareholders of company B to sell their shares. This is referred to as an open offer. In India, an open offer is triggered when a company buys a majority or more than 15% stake in a listed company. The acquirer has to make an open offer to buy at least an additional 26% stake in the company. It is seen as an exit route for the minority shareholders in the event of a new management taking over. Tell us what you think about today's newsletter. That's all for the day. See you on tomorrow! Haven't tried out Upstox yet? Click here to open your account now! Team Upstox Disclosures and Disclaimer Investment in securities markets are subject to market risks; please read all the related documents carefully before investing. The securities quoted are exemplary and are not recommendatory. Past performance is not indicative of future results. Details provided in the above newsletter are for educational purposes and should not be construed as investment advice by RKSV group. Investors should consult their investment advisor before making any investment decision. RKSV Securities India Private Limited. SEBI Registration INZ000185137NSE Member ID ‚Äì 13942, BSE Member ID ‚Äì 6155 RKSV Commodities India Private Limited. SEBI Registration INZ000015837 MCX member ID ‚Äì 46510 Regd. Off ‚Äì 807, New Delhi House, Barakhamba Road, Connaught Place, New Delhi 110001 Copyright ¬© 2021 Upstox, All rights reserved. The information in this email is only for consumption by the client and such material should not be redistributed. Our mailing address is: Sunshine Tower, 30th Floor, Senapati Bapat Marg, Dadar West, Mumbai 400013, Maharashtra, India Don't like these emails? Unsubscribe",0,promotions,noreply@upstox.com,29-06-2021
"Slide continues Market recap The day that was, in 5 minutes February 18, 2022 NIFTY50 17,276 ‚ñº 28 (-0.1%) SENSEX 57,832 ‚ñº 59 (-0.1%) Daily UPload The markets edged downwards for the third consecutive day and closed flat amid intraday volatility. 32 of the Nifty50 stocks closed in the red. European stocks rose on strong corporate earnings and easing Russia-Ukraine tensions. Among the Nifty sectoral indices, Financial Services (+0.2%) and Nifty Bank (+0.1%) were the top gainers, while Realty (-1.2%) and Oil and Gas (-1.0%) were the top losers. What's UP Stock Today's change Coal India ‚ñ≤ 2.6% SBI Life ‚ñ≤ 1.8% Bajaj Auto ‚ñ≤ 1.0% What's Down Stock Today's change ONGC ‚ñº 2.1% Divi's Lab ‚ñº 2.0% Cipla ‚ñº 2.0% UPnews Ambuja posts weak Q3 AMBUJACEM (NSE): ‚Çπ338.5 ‚ñº21.3 (-5.9%) The cement major posted standalone revenues of ‚Çπ3,735 crore, up 6% year-on-year on the back of subdued demand and flat realisations. Meanwhile, its net profit declined 49% year-on-year to ‚Çπ252 crore mainly due to steep rise in fuel prices and a one-time restructuring cost of ‚Çπ66 crore. The Board has approved a capex of ‚Çπ3,500 crore for a cement grinding expansion plan of potential 7 million tonnes across its units. According to the management, the cement growth is expected to remain positive backed by increased demand for housing combined with the government's thrust on infrastructure development. Banks to see major credit growth Experts believe that the banking sector can witness a 10% credit growth in FY23 on the back of a pick-up in economic activity, higher government spending in the infrastructure sector and revival in retail demand. The capex revival, higher exports, commodity inflation, increased working capital demand due to higher output can propel corporate performance in the next fiscal. Bank credit growth in the corporate segment could be around 8% in FY23. Large private banks are likely to continue gaining market share while public sector banks will have to be cautious on the asset quality as they have a larger proportion of small and medium-enterprise loans. Metaverse to boost data usage RELIANCE (NSE): ‚Çπ2,427.3 ‚ñº16.2 (-0.6%), BHARTIARTL (NSE): ‚Çπ712.0 ‚ñº5.0 (-0.7%) According to a Credit Suisse report, metaverse is likely to boost data usage by as much as 20 times in the next 10 years. The report says metaverse has enormous potential to further expand screen time and drive more bandwidth consumption. It further states that telecom operators Bharti Airtel and Reliance Jio are well placed to benefit from the surge in India. Gaming is another segment that will gain from the adoption of metaverse. Currently, mobile gaming is gaining traction due to the availability of affordable smartphones and 4G data services IPO Corner The much-awaited LIC IPO is likely to open for subscription to anchor investors on March 11 , according to the reports. This is expected to be India‚Äôs biggest ever IPO. LIC is expected to seek the regulator‚Äôs approval in the first week of March. Learn with UPSToX What is FMA? FMA or the first-mover advantage is the advantage gained by a company that first introduces a product or service in the market. It helps the company establish a strong brand recognition before other entrants to the market. For example, Amazon was among the first large online bookstores. By the time others established their online presence, Amazon had achieved significant brand recognition and leveraged its first-mover advantage by marketing a range of additional products. How did we did do in today's market recap? What else would you like to read in these emails? We'd love to know your thoughts with a 1-minute survey . Facebook Twitter YouTube Instagram Website Copyright ¬©Ô∏è 2021 Upstox, All rights reserved. The information in this email is only for consumption by the client and such material should not be redistributed. Our mailing address is: Sunshine Tower, 30th Floor, Senapati Bapat Marg, Dadar West, Mumbai 400013, Maharashtra, India Disclosures and Disclaimer Investment in securities markets is subject to market risks; please read all the related documents carefully before investing. The securities quoted are exemplary and are not recommendatory. Past performance is not indicative of future results. Details provided in the above newsletter are for educational purposes and should not be construed as investment advice by RKSV group. Investors should consult their investment advisor before making any investment decision.",0,promotions,noreply@upstox.com,18-02-2022
"It's Bitcoin Whitepaper's 14th Anniversary! Email Copyright ¬© 2018-2022 CoinDCX, All rights reserved. Please do not share your OTP, Password or any sensitive information with anyone. DISCLAIMER : Crypto products and NFTs are unregulated and can be highly risky. There may be no regulatory recourse for any loss from such transactions. In case of queries, you may write to support@coindcx.com If you'd like to unsubscribe and stop receiving these emails click here .",0,promotions,info@engage.coindcx.com,31-10-2022
"Celebration & Conversation with Sumit, Neeraj & Ram | YouTube Live
 Session Dear Community, This Independence day, CoinDCX brings to you an exclusive live session of conversation with Sumit Gupta (Co-Founder, CEO), Neeraj Khandelwal (Co-Founder, CTO) and Ramalingam Subramaniam (Head of Marketing). Also, gracing the session with their presence would be prominent crypto experts, namely: Aditya (Crypto India) Kashif Raza (Founder, Bitinning) Pushpendra Singh (PUSHPENDRA SINGH DIGITAL) Zia ul Haque (Open4Profit) All you crypto enthusiasts out there, block your calendar for 02:00 PM on August 15, 2021 to join us and celebrate CoinDCX‚Äôs success and journey so far. YouTube Live Session Link: Celebration & Conversation with Sumit, Neeraj, & Ram Don‚Äôt miss it! It‚Äôs going to be exceptional. Wishing you a very Happy Independence Day, 2021! Regards, Team CoinDCX Join Here IMPORTANT Please do not reply to this email. For any queries Raise a Support Ticket | Reach Us on Twitter | Email Us Copyright ¬© 2018 - 2021 CoinDCX, All rights reserved. Please do not share your OTP, Password or any sensitive information with anyone. DISCLAIMER: Trading in cryptocurrencies are subject to market risks. Please make your trades cautiously. CoinDCX will make best efforts to choose high quality coins, but will not be responsible for your trading losses. 105 Cecil Street, #07-02 The Octagon, Singapore - 069534 If you'd like to unsubscribe and stop receiving these emails click here .",0,promotions,info@engage.coindcx.com,15-08-2021
"Make ""Cse (ai & ml)"" easy again (or finally üòÆ‚Äçüí®) ( https://www.studocu.com/in?cio_id=9fef03e31088139ab6db1e&cio_workspace_id=63391 ) ********************************* Ansh, here's some extra help üìö ********************************* We found 761 other documents available for ‚ÄúCse (ai & ml)‚Äù ! Check them out ( https://www.studocu.com/in/course/5542418?utm_source=CRM&utm_medium=transactional_email_action&utm_campaign=564&utm_content=11171&utm_term=Button&lt=DaBfwh5GjGP2kicYVXJt3IqCG7bE8ad2aCv57fD4&cio_id=9fef03e31088139ab6db1e&cio_workspace_id=63391 ) Here are our top study tips to help you even further: ‚ûï Follow the course: Always be up-to-date with the best and most recent study notes (and get better recommendations). üïµÔ∏è Explore the Course page: Discover all the A+ study notes your classmates already shared. üí¨ Use the Chat: Didn‚Äôt find what you were looking for or want to discuss the specifics of a topic? You can ask your classmates for help and keep all of your academic conversations in the same place. Explore my course ( https://www.studocu.com/in/course/5542418?utm_source=CRM&utm_medium=transactional_email_action&utm_campaign=564&utm_content=11171&utm_term=Button&lt=DaBfwh5GjGP2kicYVXJt3IqCG7bE8ad2aCv57fD4&cio_id=9fef03e31088139ab6db1e&cio_workspace_id=63391 ) Happy studying üíô Taylor from Studocu Studocu logo ( https://www.studocu.com/?cio_id=9fef03e31088139ab6db1e&cio_workspace_id=63391 ) Download the new Studocu app! Available for iOS and Android. Apple App store ( https://apps.apple.com/app/apple-store/id1460235511?pt=120058772&ct=email-footer&mt=8&cio_id=9fef03e31088139ab6db1e&cio_workspace_id=63391 ) Google Play store ( https://play.google.com/store/apps/details?id=com.studocu.app&referrer=utm_source%3Dstudocu&utm_campaign=email-footer&utm_medium=badge&cio_id=9fef03e31088139ab6db1e&cio_workspace_id=63391 ) Studocu's office is located at Keizersgracht 424, 1016GC Amsterdam Manage your email subscription here ( http://track.customer.io/manage_subscription_preferences/dgSf7wMBAJq22x6YttseAZkuBofqOQHqRccVs2uMWA== )",0,promotions,taylor@studocu.com,09-09-2025
"Markets end winning streak ‚ñº Nifty 16,568 (-0.2%) ‚ñº Sensex 55,629 (-0.2%) After a gap-up opening, the benchmark indices slid downward throughout the day and ended in negative territory, snapping the four-day long rally. The market breadth favoured the bears, with 30 of the Nifty50 stocks closing in the red. Sectorally, Nifty‚Äôs FMCG (+0.6%) and PSU Bank (+0.2%) indices closed the strongest, while Bank (-0.8%) and Metal (-0.8%) were the top losers today. Top gainers (Nifty50) Eicher Motors ‚ñ≤ 2.6% UltraTech ‚ñ≤ 2.4% Bajaj Finance ‚ñ≤ 2.0% Top losers (Nifty50) Kotak Bank ‚ñº 2.3% Hindalco ‚ñº 2.3% ICICI Bank ‚ñº 2.0% Here are the top stories of the day. HAL soars on deal with GE for Tejas aircraft As per reports, the state-run defense and aerospace company has placed a ‚Çπ5,375 crore order with US-based General Electric (GE) Aviation. This is the largest ever order placed by HAL. As per the deal, GE Aviation will supply engines and support systems to power the Tejas light combat aircraft (LCA). HAL‚Äôs collaboration with GE Aviation will be boosted further with the manufacturing of these engines locally under the LCA MkII program. Its shares closed 5.2% higher today. RBI removes restriction on HDFC Bank credit cards The RBI today lifted the restriction on HDFC Bank on issuing new credit cards, which was imposed after the bank reported repeated outages in its digital platforms. Following this, shares of the leading private lender rose over 3% intraday. However, the stock gave up its gains and closed lower for the day. Credit cards account for 25‚Äì30% of HDFC Bank‚Äôs fee revenue. As per analysts, the removal of restrictions is timely in the wake of the upcoming festive season, when strong growth is seen in credit card and unsecured credit products. Investors high on liquor stocks Liquor stocks witnessed a surge today with shares of United Breweries, Globus Spirits, United Spirits and GM Breweries rising 5‚Äì10%. The recent jump comes after several states across the country have eased lockdown restrictions. Further, as per United Spirits, the outlook for Indian alcoholic beverage markets remains positive owing to favourable demographics, rising disposable incomes, and growing rural consumption. Closing bell The gap-up opening and weak closing indicates that the short-term uptrend has lost some steam. It also indicates that markets run the risk of profit booking or consolidation in the coming days. Meanwhile, the revival of monsoon is a positive indicator for industries with rural connection, e.g. tractors and the consumption-driven FMCG sector. FMCG stocks also benefit from being defensive, in case markets witness some correction. Good to know What is a dividend-payout ratio? The dividend-payout ratio reveals how much of a company‚Äôs net profit is given out to its shareholders as dividend. It is calculated by dividing the dividend paid by the net profit. For instance, assume that a company‚Äôs net profit is ‚Çπ10 crore and it pays a dividend of ‚Çπ7 crore. This means the dividend-payout ratio is 70%. A higher dividend-payout ratio is usually good for investors, unless the company has better avenues to reinvest profits. Tell us what you think about today's newsletter. That's all for today. We'll be back again on Friday! Team Upstox Disclosures and Disclaimer Investment in securities markets are subject to market risks; please read all the related documents carefully before investing. The securities quoted are exemplary and are not recommendatory. Past performance is not indicative of future results. Details provided in the above newsletter are for educational purposes and should not be construed as investment advice by RKSV group. Investors should consult their investment advisor before making any investment decision. RKSV Securities India Private Limited. SEBI Registration INZ000185137NSE Member ID ‚Äì 13942, BSE Member ID ‚Äì 6155 RKSV Commodities India Private Limited. SEBI Registration INZ000015837 MCX member ID ‚Äì 46510 Regd. Off ‚Äì 807, New Delhi House, Barakhamba Road, Connaught Place, New Delhi 110001 Copyright ¬© 2020 Upstox, All rights reserved. The information in this email is only for consumption by the client and such material should not be redistributed. Our mailing address is: Sunshine Tower, 30th Floor, Senapati Bapat Marg, Dadar West, Mumbai 400013, Maharashtra, India Don't like these emails? Unsubscribe",0,promotions,noreply@upstox.com,18-08-2021
"Bulls make a comeback, but fall short ‚ñº Nifty 15,709 (-0.2%) ‚ñº Sensex 52,443 (-0.2%) It was a see-saw session where the first of the session was dominated by the bears and the second half by the bulls. Nonetheless, the markets closed on a negative note, as 27 of the Nifty50 stocks closed in the red. Among the Nifty sectoral indices, only Metal (+1.2%) and IT (+0.2%) ended positively, whereas PSU Bank (-1.8%) and Auto (-0.9%) lost the most. Top gainers (Nifty50) Bharti Airtel ‚ñ≤ 5.0% Tata Steel ‚ñ≤ 2.8% SBI Life ‚ñ≤ 2.1% Top losers (Nifty50) Kotak Bank ‚ñº 2.5% Dr Reddy's ‚ñº 2.5% Tata Motors ‚ñº 2.2% Here are the top stories of the day. Maruti‚Äôs profit tumbles in Q1 In the June quarter, India‚Äôs leading car manufacturer‚Äôs net profit dropped by 62% sequentially to ‚Çπ440 crore due to lower sales. The street expected a net profit of ‚Çπ878 crore . The company‚Äôs net sales declined by 26% QoQ to ‚Çπ16,798 crore as the second wave dented demand. The company said that the commodity prices increased steeply but it continues to take steps to reduce costs. In positive developments, the car marker spent less on promotions and increased the selling price of its vehicles in Q1FY22. Shares of Maruri Suzuki were down 1.3% today. Coforge posts strong profit in Q1 IT services company Coforge reported a 55% YoY jump in its consolidated net profit to ‚Çπ124 crore for the June quarter. The profit growth was supported by a 38% rise in the revenue from operations to ‚Çπ1,462 crore . The Q1 figures also include the contribution from SLK Global, which the company acquired in April 2021. The total executable order book over the next 12 months grew 39% YoY to $645 million. Further, the company said that it has secured 3 large deals, including a $105 million engagement. It is planning for an organic growth of at least 19% in constant currency terms during FY22, which is higher than the 17% growth indicated earlier. The stock was up 0.5% today and has gained 62% so far this fiscal. BLS International posts profitable Q1 In the June quarter, the global visa outsourcing service provider reported a consolidated net profit of ‚Çπ20 crore compared to a loss of 80 lakh in Q1FY21. In the same period, the company‚Äôs revenue rose by 242% to ‚Çπ178 crore. The management has said that as borders reopen globally it expects visa business to start contributing again in the coming quarters, which is expected to significantly improve its financial performance in FY22. Shares of the company were up 11% today after the results were announced yesterday post the market hours. Closing Bell The market showed completely opposite trends today. It started on an extremely weak note and dived down. However, as it reached closer to the lower end of the current consolidation range (15450-15950), buying interest emerged. Favourable opening of the European indices also provided positive cues. Meanwhile, unlike the decent results posted by the Indian IT companies earlier this month, the recently announced results by other large companies have been below street estimates. This is acting as a sentiment spoiler especially at the time when markets are trading close to their lifetime highs. The US Fed is expected to announce its interest decision tonight. While the street expects rates to remain unchanged, Fed‚Äôs commentary could have a bearing on how markets open tomorrow. Good to know What is a moving average? A moving average is a technical indicator that helps to identify a trend in the price of a stock. Traders also use moving averages to determine support and resistance levels. Thus, by studying moving averages, traders can spot buying and selling opportunities. Some of the widely used moving averages are 5-day and 20-day for short term trading and 50-day and 200-day for long term investment. Tell us what you think about today's newsletter. That's all for today. We'll be back again tomorrow! Team Upstox Disclosures and Disclaimer Investment in securities markets are subject to market risks; please read all the related documents carefully before investing. The securities quoted are exemplary and are not recommendatory. Past performance is not indicative of future results. Details provided in the above newsletter are for educational purposes and should not be construed as investment advice by RKSV group. Investors should consult their investment advisor before making any investment decision. RKSV Securities India Private Limited. SEBI Registration INZ000185137NSE Member ID ‚Äì 13942, BSE Member ID ‚Äì 6155 RKSV Commodities India Private Limited. SEBI Registration INZ000015837 MCX member ID ‚Äì 46510 Regd. Off ‚Äì 807, New Delhi House, Barakhamba Road, Connaught Place, New Delhi 110001 Copyright ¬© 2020 Upstox, All rights reserved. The information in this email is only for consumption by the client and such material should not be redistributed. Our mailing address is: Sunshine Tower, 30th Floor, Senapati Bapat Marg, Dadar West, Mumbai 400013, Maharashtra, India Don't like these emails? Unsubscribe",0,promotions,noreply@upstox.com,28-07-2021
"Reliance has a PET project ‚ñ≤ Nifty 16,294 (+0.2%) ‚ñ≤ Sensex 54,492 (+0.2%) After initial weakness, the markets recovered and closed in the positive. The market breadth was nearly even, with 26 of the Nifty50 stocks witnessing gains. Among the Nifty sectoral indices, Metal (+1.2%) and IT (+0.7%) were the strongest, while PSU Bank (-2.2%) and Media (-1.5%) fell the most. Top gainers (Nifty50) Bharti Airtel ‚ñ≤ 3.8% Eicher Motors ‚ñ≤ 3.4% ITC ‚ñ≤ 3.0% Top losers (Nifty50) SBI ‚ñº 3.2% IndusInd Bank ‚ñº 2.3% ICICI Bank ‚ñº 1.8% Here are the top stories of the day. Reliance to double PET recycling capacity Reliance Industries has said that it will double its polyethylene terephthalate (PET) recycling capacity. Srichakra Ecotex India will build and operate this new facility for Reliance Industries in Andhra Pradesh. This new facility will take Reliance Industries recycling capacity to 5 billion post-consumer PET bottles and help India in maintaining a recycling rate of more than 90%. These post-consumer PET bottles are used as a raw material for manufacturing recycled polyester fiber. Shares of Reliance Industries rose around 1.3% today. Tata Communications‚Äô profit grows, revenues fall Digital transformation player Tata Communications reported a 15% YoY rise in its consolidated net profit to ‚Çπ296 crore . During the same period, revenues contracted nearly 7% to ‚Çπ4,103 crore, mainly due to a reduction in the Voice business. Revenues from the Data business, which contributes over 75% of total revenues, declined 2.2% YoY to ‚Çπ3,104 crore. The company said that business was impacted by the second wave during the quarter, but demand is slowly recovering as global markets are opening up. Nonetheless, shares of Tata Communications were down 0.3% today. Oil prices tumble Oil prices declined for the third consecutive day on Wednesday, hitting a two-week low . So far this week, crude oil prices are down over 7%. The more than expected rise in US crude inventories and worries over the spread of the Delta variant are creating demand concerns. Surprisingly, the oil prices fell even though the geopolitical tension continued to increase in the Middle East with Iran reportedly seizing an oil tanker. Usually, the rise in geopolitical tension ends up hurting oil supplies, which leads to a rise in prices. Closing Bell The market showed signs of jitteriness after a strong rally seen this week, as may be traders inclined to think that profit booking could follow. Further, the RBI will announce its interest rate decision tomorrow, which could lead to some volatility. Basically, the markets are in a completely new orbit and uncharted territory. During such times, if the markets sustain and rise further, it lends to investor confidence. However, any adverse development generally creates an initial panic and sharp drop to critical support levels. Good to know What is an interest-coverage ratio? Interest-coverage ratio reveals whether a company will be able to pay interest on its debt. It is calculated by dividing a company‚Äôs earnings before interest and tax by the interest due. A higher interest-coverage ratio is considered to be an indicator that a company is in a strong financial position. Lenders and investors can use it to determine a company‚Äôs ability to survive hardships. Tell us what you think about today's newsletter. That's all for today. We'll be back again tomorrow! Team Upstox Disclosures and Disclaimer Investment in securities markets are subject to market risks; please read all the related documents carefully before investing. The securities quoted are exemplary and are not recommendatory. Past performance is not indicative of future results. Details provided in the above newsletter are for educational purposes and should not be construed as investment advice by RKSV group. Investors should consult their investment advisor before making any investment decision. RKSV Securities India Private Limited. SEBI Registration INZ000185137NSE Member ID ‚Äì 13942, BSE Member ID ‚Äì 6155 RKSV Commodities India Private Limited. SEBI Registration INZ000015837 MCX member ID ‚Äì 46510 Regd. Off ‚Äì 807, New Delhi House, Barakhamba Road, Connaught Place, New Delhi 110001 Copyright ¬© 2020 Upstox, All rights reserved. The information in this email is only for consumption by the client and such material should not be redistributed. Our mailing address is: Sunshine Tower, 30th Floor, Senapati Bapat Marg, Dadar West, Mumbai 400013, Maharashtra, India Don't like these emails? Unsubscribe",0,promotions,noreply@upstox.com,05-08-2021
"New login to Instagram from Instagram on XiaoMi Redmi 7 Facebook We Noticed a New Login, anshbhogal We noticed a login from a device you don't usually use. XiaoMi Redmi 7 ¬∑ Instagram ¬∑ Mandi, India July 29 at 6:52 PM (PDT) If this was you, you can safely disregard this email. If this wasn't you, you can secure your account here . Learn more about keeping your account secure. ¬© Instagram. Facebook Inc., 1601 Willow Road, Menlo Park, CA 94025 This message was sent to anshb1234@gmail.com and intended for anshbhogal. Not your account? Remove your email from this account.",1,promotions,security@mail.instagram.com,29-07-2021
"Better together: Wear OS ‚åöÔ∏è + Android üì± The power of Android with a Wear OS watch Do even more with Android when you pair your phone and a Wear OS watch. Download your favorite apps and stay connected at a glance. Explore Wear OS Get more done Across your phone and watch, it‚Äôs easy to stay in sync with notifications, listen to music, and pay on the go. Spotify Play, pause, and skip music and podcasts Download Messages Conversations in sync across your watch and phone Download Google Pay Pay for a coffee with just a twist of your wrist Download Stay healthy at a glance Make it easy to get moving, stay mindful, and track your sleep with your favorite health apps on your watch. Strava Record and upload activities without breaking your stride Download Calm Mindfulness and meditation, wherever you are Download Sleep Cycle Track your sleep and wake up rested and refreshed Download Did you know? You can discover watch apps on the Play Store and install them right from your watch or phone. Google Play Protect has you covered. Questions? We‚Äôre here to help. Add Google Play credit with a gift card. Did you enjoy this email? If yes, tell us why: . If no, tell us why: (c) 2022 Google LLC, 1600 Amphitheatre Parkway, Mountain View, CA 94043, USA This message was sent to anshb1234@gmail.com because you asked us to keep you up to date with the latest news and offers from Google Play. If you do not wish to receive these emails, please unsubscribe here . You can also change your email preferences on Google Play by logging in at https://play.google.com/settings . Please do not reply to this email, as we are unable to respond from this email address. If you need support, please visit the Google Play Help Centre.",0,promotions,news-googleplay@google.com,21-08-2022
"[Important] Impact on Instant Orders created before June 30, 2022 Dear Ansh, You might have recently come across our previous communication sent on June 21, 2022, titled ‚ÄúTDS Tax Update on Crypto Investments‚Äù mentioning about the upcoming changes in our trading policies post the implementation of the TDS rules for Crypto assets as decided by the Government of India. To implement these guidelines, we‚Äôll be taking the following action on some open orders between 10:00 PM and 11:59 PM on June 30, 2022. Please keep reading for more details. Cancel all pending sell orders in INR: All fully open/partially open Instant orders to sell crypto assets for INR will get canceled if not completely filled by the above mentioned time. In case of partially open Instant orders, the executed part of your trade will remain as is and the rest would be canceled. Please note that stablecoins like USDT are considered as crypto assets. Please note that these would affect both Limit and Instant orders. However, this will not affect any of your current trades that are already fully executed or partially closed. For example, if you place a Limit order on ETH/INR for INR 40,000 and it doesn‚Äôt get executed since the current price is INR 45,000, and the time crosses 10:00 PM on June 30, 2022. This order will thus get canceled. As another example, if you place an Instant order at 09:59:59 PM on June 30, 2022 for buying ETH with INR and it somehow doesn‚Äôt get executed, then it will be canceled and any amount blocked will be automatically refunded. This will also not affect any trades created on or after July 01, 2022, which will start being compliant with the TDS regulations set by the Government of India. We would humbly request you to plan your trades accordingly. Your smooth investment experience is our highest priority. In case of any further queries, please reach out to us at Support here . Regards, Team CoinDCX IMPORTANT Please do not reply to this email. For any queries Raise a Support Ticket | Reach Us on Twitter Copyright ¬© 2018 - 2021 CoinDCX, All rights reserved. Please do not share your OTP, Password or any sensitive information with anyone. DISCLAIMER: Trading in cryptocurrencies are subject to market risks. Please make your trades cautiously. CoinDCX will make best efforts to choose high quality coins, but will not be responsible for your trading losses. 105 Cecil Street, #07-02 The Octagon, Singapore-069534 If you'd like to unsubscribe and stop receiving these emails click here .",0,promotions,info@engage.coindcx.com,23-06-2022
"No Monday blues Market recap The day that was, in 5 minutes March 14, 2022 NIFTY50 16,871 ‚ñ≤ 240 (+1.4%) SENSEX 56,486 ‚ñ≤ 935 (+1.6%) Daily UPload Despite a subdued opening, markets resumed the uptrend and closed in the green for the fifth consecutive day. In all, 37 stocks of the Nifty50 pack ended in the positive. On hopes of progress in the Russia-Ukraine peace talks, crude oil prices fell 5% during the day, which created a positive sentiment. Among the Nifty sectoral indices, Media (2.4%) and Bank (+2.2%) were the top gainers, while Realty (-1.6%) and Oil & Gas (-0.5%) were the top losers. What's UP Stock Today's change Infosys ‚ñ≤ 3.7% HDFC Bank ‚ñ≤ 3.2% SBI Bank ‚ñ≤ 3.2% What's Down Stock Today's change IOC ‚ñº 2.5% ONGC ‚ñº 2.3% HUL ‚ñº 1.6% UPnews Paytm shares hit record low PAYTM (NSE): ‚Çπ680 ‚ñº 94 (-12.2%) Shares of One 97 Communications (Paytm) hit record low after the RBI directed Paytm Payments Bank to temporarily halt onboarding of new customers. The central bank had observed certain supervisory concerns at the payments bank. Paytm, which owns a 49% stake in Paytm Payments Bank, doesn‚Äôt foresee a major impact on Paytm‚Äôs overall business due to these developments. However, investors got cold feet owing to regulatory uncertainty. Jubilant FoodWorks falls amid CEO‚Äôs resignation JUBLFOOD (NSE): ‚Çπ2,514 ‚ñº 349 (-12.2%) Jubilant FoodWorks, which holds the master franchise rights of Domino‚Äôs Pizza, saw its shares plunge as its CEO‚Äôs exit was announced. This comes at a time when it has started seeing recovery in delivery and takeaway channels. Further, it has not only expanded its store network (to 1,500 Domino‚Äôs stores in India) but also the product portfolio (added Popeye‚Äôs). The street would watch out for the name of the new CEO before taking a meaningful bet. Inflation above street estimates India‚Äôs consumer inflation for February inched up to 6.07%, its 8-month high. The figure was well above the street estimates of 5.93% and RBI‚Äôs upper limit of 6%. Overall, the price rise was primarily seen in rural areas and the increase was mainly due to higher fuel prices. Meanwhile, wholesale inflation too rose and stood at 13.11%. Since producers generally pass on the rising costs to their customers, the WPI inflation is seen as a precursor to high retail prices. IPO Corner As per media reports, the mega IPO of LIC, which was set to launch this month, is now likely to launch around mid-May with the hope that the market turbulence triggered by the Russia-Ukraine conflict will be resolved. If the IPO is delayed beyond May, the government may have to file fresh papers with updated financial numbers. Learn with UPSToX What is a safe-haven investment? A safe haven is a type of investment that is expected to maintain or increase in value during an economic downturn. It is perceived to be a relatively safe option for investors to limit their exposure to risky assets like stocks. Examples of safe haven investment include precious metals like gold. Since gold is a physical commodity, it‚Äôs supply remains stable unlike cash. Gold is often considered as one of the safest options to invest in times of economic instability. During the 2008-09 financial global crisis, prices of gold rose significantly. How did we did do in today's market recap? What else would you like to read in these emails? We'd love to know your thoughts with a 1-minute survey . Facebook Twitter YouTube Instagram Website Copyright ¬©Ô∏è 2021 Upstox, All rights reserved. The information in this email is only for consumption by the client and such material should not be redistributed. Our mailing address is: Sunshine Tower, 30th Floor, Senapati Bapat Marg, Dadar West, Mumbai 400013, Maharashtra, India Disclosures and Disclaimer Investment in securities markets is subject to market risks; please read all the related documents carefully before investing. The securities quoted are exemplary and are not recommendatory. Past performance is not indicative of future results. Details provided in the above newsletter are for educational purposes and should not be construed as investment advice by RKSV group. Investors should consult their investment advisor before making any investment decision.",0,promotions,noreply@upstox.com,15-03-2022
Assured Cashback on FD is waiting for you! Assured Cashback of ‚Çπ200 is waiting for you! Start your Bank FD just with ‚Çπ1000 and claim cashback. Book Now To Avail on Moneycontrol Mobile App - https://u29553283.ct.sendgrid.net/ls/click?upn=cIG2HeRwDAzpnKvZTrlpi0JVfH1-2BBVMLUnhGxI6VqyTboD-2B5aSxLs3SqTzxaGbgXPUpVi9uycJOnh5kPLqbsSbmVUg-2FVoXy5alJGEys4Z2if-2Fi1HdVwA0raOzw4M8k1duByuDhLuPAks6RN0xK2FYw-3D-3D5gsQ_NK2g6DCkx32G4oyQtQAD4FLIQ0avfBZBMR-2FUAaatE3-2FgWF1GG-2FlzxNZFdEDq-2FFMmeaCM9nkI6u1XjtkVGXSJ49qAl3xTA9L54nPTWgivLWX-2BW9VQTE9LtVtuFer6gDEUBoLFYIJm0tsM8TmJNv8wCd6SCnsqy6mn9GnK3p7z1MREWZM-2FxOedtyq-2FixbROs1K0QSOnTR-2FvTSsu-2FB4gqw0mTk9vRsF6zHCjQ8anvMrhKcc27a-2F-2B8wM0zloPc6J3sWwCS3vwVmtJciMxjxjjhYbUEZgYi6qgNINRCE1fAA1XN0S3ph2PJLAv-2Ffoa-2B4s63tqXoFxjEL3JTP5n9T4g9U1FrqP1reoIDwKJFqe209fytmttHX2X5uQ2h3ksZuaUyAt7H4gs-2Boc6Rp4wCe-2Bx10FhvtEMg1JY4qYfnXAQh5atWfN5BQ-2FR2SMk8Ld-2BvPYOMMixvFUPL6BgoqOsQ0RllYfW3DLFFPSwHx9mQA7f-2FZMrAg-3D,0,promotions,alerts@mailer.moneycontrol.com,13-01-2024
"Your discount is still waiting for you Make your first step count. Get it Done on Fiverr. Fiverr. ( https://links.announce.fiverr.com/ls/click?upn=ngPI5cTsN-2BO-2BocNST755lOUzSChAnVF2qd1FNNW6d7wuAoeJ2U1bMwISAQZp3nvWy6e8ucV6feRT-2FAZzqigOHQ-3D-3DFRuq_NK2g6DCkx32G4oyQtQAD4FLIQ0avfBZBMR-2FUAaatE3-2BLpsXibukBSCOHp7fGJAmSwr1GKK9BVK921m8B2pyc-2FyG8-2BhXujAYDUVmBFGp1xkLRW0l-2Fjm3sZbEt6YoxX5zBiaioR6-2BBJZS2e-2Bt-2F7BtWqYwrw956WeBnUFYM5q3W7YN-2FoEmcrI6B-2FH2ZANopUplx0FDCvG6r-2FsKbfSUG0QtF8HMpkhPmHY17c9aTDzDm2bkLXp6gqiH-2BoAKkZZVXxvlFZzpQXu7Oi9wjvna2FNZ8HUMUqSCFB-2F316eCnfDpgIyxcVAwY1Xl-2ByQiIsPigrHH-2BzhTCymAf-2BzyKNC0w7GX9D2KxPmoD-2BXFMd56QMDnjIwlUtl38VOSXcFZ2mxkIT8JrhWICB5CjzyR5Lsu08iOeXr9wRcEOOdp6DE0p7gaKk6FjP3DgOigmck8ekYDnTjrIjfS5nQkR7hZ-2BwBYVDtbCJ7gF5rop91TKYRIb4fZYm4MDCR3aJqAzOA81SDEg2RnLDhVt8DtIHe46WVJ-2BEC-2FlthwsCbEwvff8mIP9MMkmtmFLRnjTVtqv3Ur4Q0VIlRul3BBLcgn6XIqWpBulds2NDOBdI0-2BS7EsJD2-2F1VrG0Vqt8cukH-2FGBoIeYmz8mLd5FyXjSzGClhUYXIlOIesXHuKGEOClDFQT-2B5DV1tbqmf6Q16G-2BxeI2Cw3jWrlavVGvTu1MAxIqbNhZDPsaTZjRe8Wk4EPhhjvOpS4mdzhDtJsj8-3D ) Sale. ( https://links.announce.fiverr.com/ls/click?upn=ngPI5cTsN-2BO-2BocNST755lDXTDotb-2BWKy6y8Fl-2Bgg-2BnB70o89rM7YYNPOVIaiVIMUhe2qkKRFg28hKV3e3cb3PLQe0wjZe-2Bkpntym-2F9lqoRfaGlidV7d8pazX9sx6B6HWeZmBqpP6NCL5Rm8e4kiWXw-3D-3D4prR_NK2g6DCkx32G4oyQtQAD4FLIQ0avfBZBMR-2FUAaatE3-2BLpsXibukBSCOHp7fGJAmSwr1GKK9BVK921m8B2pyc-2FyG8-2BhXujAYDUVmBFGp1xkLRW0l-2Fjm3sZbEt6YoxX5zBiaioR6-2BBJZS2e-2Bt-2F7BtWqYwrw956WeBnUFYM5q3W7YN-2FoEmcrI6B-2FH2ZANopUplx0FDCvG6r-2FsKbfSUG0QtF8HMpkhPmHY17c9aTDzDm2bkLXp6gqiH-2BoAKkZZVXxvlFZzpQXu7Oi9wjvna2FNZ8HUMUqSCFB-2F316eCnfDpgIyxcVAwY1Xl-2ByQiIsPigrHH-2BzhTCymAf-2BzyKNC0w7GX9D2KxPmoD-2BXFMd56QMDnjIwlUtl38VOSXcFZ2mxkIT8JrhWICB5CjzyR5Lsu08iOeXr9wRcEOOdp6DE0p7gaKk6FjP3DgOigmck8ekYDnTjrIjfS5nQkR7hZ-2BwBYVDtbCJ7gF5rop91TKYRIb4fZYm4MDCR3aJqAzOA81SDEg2RnLDhVt8DtIHe46WVJ-2BEC-2FlthwsCbEwvff8mIP9MMkmtmFLRnjTVtqv3Ur4Q0VIlRul3BBLcgn6XIqWpBulds2NDJ65v8ptcVo8VYD2vVO7jHjymuEj7Rk-2FRDSOI67wc7ab2Pcbnm8nZVbQxOHwNFkFnztuAYrMtBgNx4VloOtBlK14hbYdaIhNvlUnrDlcPGaxrt0yjOLbx2T0E6LtuS6sInFp2-2FRtQuNEp3DBArwZOtY-3D ) Success and savings? All yours. Don‚Äôt spend your time wondering how much more you‚Äôll spend after this discount expires. Go get that first project off the ground with 20% off your first order. Just enter this code at checkout: GETMORE20 Start Doing ( https://links.announce.fiverr.com/ls/click?upn=ngPI5cTsN-2BO-2BocNST755lDXTDotb-2BWKy6y8Fl-2Bgg-2BnB70o89rM7YYNPOVIaiVIMUhe2qkKRFg28hKV3e3cb3PLQe0wjZe-2Bkpntym-2F9lqoRfaGlidV7d8pazX9sx6B6HWeZmBqpP6NCL5Rm8e4kiWXw-3D-3DEuFh_NK2g6DCkx32G4oyQtQAD4FLIQ0avfBZBMR-2FUAaatE3-2BLpsXibukBSCOHp7fGJAmSwr1GKK9BVK921m8B2pyc-2FyG8-2BhXujAYDUVmBFGp1xkLRW0l-2Fjm3sZbEt6YoxX5zBiaioR6-2BBJZS2e-2Bt-2F7BtWqYwrw956WeBnUFYM5q3W7YN-2FoEmcrI6B-2FH2ZANopUplx0FDCvG6r-2FsKbfSUG0QtF8HMpkhPmHY17c9aTDzDm2bkLXp6gqiH-2BoAKkZZVXxvlFZzpQXu7Oi9wjvna2FNZ8HUMUqSCFB-2F316eCnfDpgIyxcVAwY1Xl-2ByQiIsPigrHH-2BzhTCymAf-2BzyKNC0w7GX9D2KxPmoD-2BXFMd56QMDnjIwlUtl38VOSXcFZ2mxkIT8JrhWICB5CjzyR5Lsu08iOeXr9wRcEOOdp6DE0p7gaKk6FjP3DgOigmck8ekYDnTjrIjfS5nQkR7hZ-2BwBYVDtbCJ7gF5rop91TKYRIb4fZYm4MDCR3aJqAzOA81SDEg2RnLDhVt8DtIHe46WVJ-2BEC-2FlthwsCbEwvff8mIP9MMkmtmFLRnjTVtqv3Ur4Q0VIlRul3BBLcgn6XIqWpBulds2NDNeA3y0Dgxnplf-2BzAf5m-2F40Altp8EwOlVvKDSGQDas6F0fT5Psbm5RydzkarnpabvDfga0-2Bg-2FhJ0-2FoCocBSP4JEfAJcfso-2FL0QMeTsHfdizyq-2FhWTs2SIOFa5oDZVFCjVU5189VZkGZlQZz6o6i6jx8-3D ) Valid only for your first order. To learn more read here Global Talent Hire anyone from anywhere at any time. On Time, On Budget Find services based on your budget and deadline. 11M+ Entrepreneurs Your one-stop shop for all freelance services. Terms & Conditions: * All Fiverr's Terms of Service apply. * The promo code is valid only for your first purchase on Fiverr and can be used until end of day December 31 2023, 11:59pm GMT. * To receive your discount, simply enter your promo code in the checkout page. * Promo codes are limited to 1 use per user. * Promo codes may not be used or combined with any other promotion. * For orders that are comprised of one or more milestones, the promo code will apply to the first milestone only. Promo Codes do not apply to Fiverr Credits. * This promotion is subject to availability and may be withdrawn or amended without notice at any time at Fiverr‚Äôs sole discretion. For any technical issues faced, please contact Customer Support . Twitter ( https://links.announce.fiverr.com/ls/click?upn=ngPI5cTsN-2BO-2BocNST755lCsqWhAQbzRIholSHbbvNIe1D2ZGKE8Qsj-2B-2B-2BpB1-2BWGWgUp6yIxZRR7wBTfb-2FgrzWjVlpCQ-2BoxaMrTMKcViu074woVphmWlmw57yTVnJOLGAAaG6_NK2g6DCkx32G4oyQtQAD4FLIQ0avfBZBMR-2FUAaatE3-2BLpsXibukBSCOHp7fGJAmSwr1GKK9BVK921m8B2pyc-2FyG8-2BhXujAYDUVmBFGp1xkLRW0l-2Fjm3sZbEt6YoxX5zBiaioR6-2BBJZS2e-2Bt-2F7BtWqYwrw956WeBnUFYM5q3W7YN-2FoEmcrI6B-2FH2ZANopUplx0FDCvG6r-2FsKbfSUG0QtF8HMpkhPmHY17c9aTDzDm2bkLXp6gqiH-2BoAKkZZVXxvlFZzpQXu7Oi9wjvna2FNZ8HUMUqSCFB-2F316eCnfDpgIyxcVAwY1Xl-2ByQiIsPigrHH-2BzhTCymAf-2BzyKNC0w7GX9D2KxPmoD-2BXFMd56QMDnjIwlUtl38VOSXcFZ2mxkIT8JrhWICB5CjzyR5Lsu08iOeXr9wRcEOOdp6DE0p7gaKk6FjP3DgOigmck8ekYDnTjrIjfS5nQkR7hZ-2BwBYVDtbCJ7gF5rop91TKYRIb4fZYm4MDCR3aJqAzOA81SDEg2RnLDhVt8DtIHe46WVJ-2BEC-2FlthwsCbEwvff8mIP9MMkmtmFLRnjTVtqv3Ur4Q0VIlRul3BBLcgn6XIqWpBulds2NDFl7Bmwsz4t-2BXbAnbE0BpKNHJtjFU-2B5KoX-2FgOR21-2Bgfsn6kBgd-2Bd8hv-2BBV4h9LUrL-2ByEGe0uxyUrr61qNRIsDy76VsHSI53V8tv9W3yJDFY03SuF0oPDo7H5xpeFbetiaLhsiWEMW-2FXnFc2-2BXSc6-2BkE-3D ) Facebook ( https://links.announce.fiverr.com/ls/click?upn=ngPI5cTsN-2BO-2BocNST755lBUbpif8-2FRU3sVVAUn7jm6r5gVJ0rgPiQUjVe2FcKw-2FecRSQJ-2FwEUk-2F8jpWbX2yysPPOxmnArsmifosKZ9RXuOPU62C1dFBVQhzC-2F-2B35J5wwyuFe_NK2g6DCkx32G4oyQtQAD4FLIQ0avfBZBMR-2FUAaatE3-2BLpsXibukBSCOHp7fGJAmSwr1GKK9BVK921m8B2pyc-2FyG8-2BhXujAYDUVmBFGp1xkLRW0l-2Fjm3sZbEt6YoxX5zBiaioR6-2BBJZS2e-2Bt-2F7BtWqYwrw956WeBnUFYM5q3W7YN-2FoEmcrI6B-2FH2ZANopUplx0FDCvG6r-2FsKbfSUG0QtF8HMpkhPmHY17c9aTDzDm2bkLXp6gqiH-2BoAKkZZVXxvlFZzpQXu7Oi9wjvna2FNZ8HUMUqSCFB-2F316eCnfDpgIyxcVAwY1Xl-2ByQiIsPigrHH-2BzhTCymAf-2BzyKNC0w7GX9D2KxPmoD-2BXFMd56QMDnjIwlUtl38VOSXcFZ2mxkIT8JrhWICB5CjzyR5Lsu08iOeXr9wRcEOOdp6DE0p7gaKk6FjP3DgOigmck8ekYDnTjrIjfS5nQkR7hZ-2BwBYVDtbCJ7gF5rop91TKYRIb4fZYm4MDCR3aJqAzOA81SDEg2RnLDhVt8DtIHe46WVJ-2BEC-2FlthwsCbEwvff8mIP9MMkmtmFLRnjTVtqv3Ur4Q0VIlRul3BBLcgn6XIqWpBulds2NDMjbhbi8oP83puaPAULZ3IYesFYsjj80kmHjIQPiR1Ys4bSy6RrQKimjSuTWMnD41LXKU0s-2FW6UPz3QodPiphAzG0uQssRbCg356EebTR48km6ooURJCA8sq0VxK-2F1-2BHtEdeFkWJMTQIdLzqTE5SdS8-3D ) Pinterest ( https://links.announce.fiverr.com/ls/click?upn=4yFQjwfto-2BsIp7Cndz9ec-2BjeuoQn5R-2BCGAxcB7SX2OH1oEJl5AA9PTAaMKljVknPxdOw4yBJdLzsioEyRY7sRDfYoun69wEHgdHaSl-2BUytJCI57QQMh-2BAGOn8TuytNbrmEg9_NK2g6DCkx32G4oyQtQAD4FLIQ0avfBZBMR-2FUAaatE3-2BLpsXibukBSCOHp7fGJAmSwr1GKK9BVK921m8B2pyc-2FyG8-2BhXujAYDUVmBFGp1xkLRW0l-2Fjm3sZbEt6YoxX5zBiaioR6-2BBJZS2e-2Bt-2F7BtWqYwrw956WeBnUFYM5q3W7YN-2FoEmcrI6B-2FH2ZANopUplx0FDCvG6r-2FsKbfSUG0QtF8HMpkhPmHY17c9aTDzDm2bkLXp6gqiH-2BoAKkZZVXxvlFZzpQXu7Oi9wjvna2FNZ8HUMUqSCFB-2F316eCnfDpgIyxcVAwY1Xl-2ByQiIsPigrHH-2BzhTCymAf-2BzyKNC0w7GX9D2KxPmoD-2BXFMd56QMDnjIwlUtl38VOSXcFZ2mxkIT8JrhWICB5CjzyR5Lsu08iOeXr9wRcEOOdp6DE0p7gaKk6FjP3DgOigmck8ekYDnTjrIjfS5nQkR7hZ-2BwBYVDtbCJ7gF5rop91TKYRIb4fZYm4MDCR3aJqAzOA81SDEg2RnLDhVt8DtIHe46WVJ-2BEC-2FlthwsCbEwvff8mIP9MMkmtmFLRnjTVtqv3Ur4Q0VIlRul3BBLcgn6XIqWpBulds2NDCTjhZp2qlXWYnpffVo87Xi-2B2cjteyEEypXdwsiuRP4-2FOate3vO5oLaCmxEsaWRsX-2FlpZQUlMUxWFy1frcnZtYzrAmliYwylUulszcMyUipdHEdXiwrJUMLtUVpRbafBn2ABU3iha5QfGp4nw6km2Ts-3D ) LinkedIn ( https://links.announce.fiverr.com/ls/click?upn=v5LzrRLfRrOV3qEpl-2FAT0WnqQN4UnX0LczDKYutZ5FQ44tms451wLW5B3C0MTagVYi9FAcxJZxRE6yh5VPiR6rqRGmUM79cIm4qqWKu93GTqwp4De8lkPuqMmrhxXScso1Rky-2B5R1a7sxAp-2Bbh-2BQLA-3D-3D34qZ_NK2g6DCkx32G4oyQtQAD4FLIQ0avfBZBMR-2FUAaatE3-2BLpsXibukBSCOHp7fGJAmSwr1GKK9BVK921m8B2pyc-2FyG8-2BhXujAYDUVmBFGp1xkLRW0l-2Fjm3sZbEt6YoxX5zBiaioR6-2BBJZS2e-2Bt-2F7BtWqYwrw956WeBnUFYM5q3W7YN-2FoEmcrI6B-2FH2ZANopUplx0FDCvG6r-2FsKbfSUG0QtF8HMpkhPmHY17c9aTDzDm2bkLXp6gqiH-2BoAKkZZVXxvlFZzpQXu7Oi9wjvna2FNZ8HUMUqSCFB-2F316eCnfDpgIyxcVAwY1Xl-2ByQiIsPigrHH-2BzhTCymAf-2BzyKNC0w7GX9D2KxPmoD-2BXFMd56QMDnjIwlUtl38VOSXcFZ2mxkIT8JrhWICB5CjzyR5Lsu08iOeXr9wRcEOOdp6DE0p7gaKk6FjP3DgOigmck8ekYDnTjrIjfS5nQkR7hZ-2BwBYVDtbCJ7gF5rop91TKYRIb4fZYm4MDCR3aJqAzOA81SDEg2RnLDhVt8DtIHe46WVJ-2BEC-2FlthwsCbEwvff8mIP9MMkmtmFLRnjTVtqv3Ur4Q0VIlRul3BBLcgn6XIqWpBulds2NDGEWW2FIL8lp-2FAwKmFnvzHEBGhWox4BzRn-2B7hZ9a6imQ9aF94asYTtlcyUuFsHL0Ozhb1sJIgJqKDA3QxBy0On1dnv-2BdKP1teCZUzxDWFdSuT3kHYFn-2BSq-2BMlL-2BPzwKH9N5FPO7NAOAtnpHNhoDRNgw-3D ) Instagram ( https://links.announce.fiverr.com/ls/click?upn=agYJYeDsQwsTxroWN8DrwiaFVR-2B5EsJt85Tn42JmjTvrGFhr1F8vVGIXWRxo-2F1YdlYGaENQHfP3NpYzqBj4qc0V2GZ0tf5pewJVNOUqkjxkuQtZ5JHc9-2B03gBqARoOrNdczU_NK2g6DCkx32G4oyQtQAD4FLIQ0avfBZBMR-2FUAaatE3-2BLpsXibukBSCOHp7fGJAmSwr1GKK9BVK921m8B2pyc-2FyG8-2BhXujAYDUVmBFGp1xkLRW0l-2Fjm3sZbEt6YoxX5zBiaioR6-2BBJZS2e-2Bt-2F7BtWqYwrw956WeBnUFYM5q3W7YN-2FoEmcrI6B-2FH2ZANopUplx0FDCvG6r-2FsKbfSUG0QtF8HMpkhPmHY17c9aTDzDm2bkLXp6gqiH-2BoAKkZZVXxvlFZzpQXu7Oi9wjvna2FNZ8HUMUqSCFB-2F316eCnfDpgIyxcVAwY1Xl-2ByQiIsPigrHH-2BzhTCymAf-2BzyKNC0w7GX9D2KxPmoD-2BXFMd56QMDnjIwlUtl38VOSXcFZ2mxkIT8JrhWICB5CjzyR5Lsu08iOeXr9wRcEOOdp6DE0p7gaKk6FjP3DgOigmck8ekYDnTjrIjfS5nQkR7hZ-2BwBYVDtbCJ7gF5rop91TKYRIb4fZYm4MDCR3aJqAzOA81SDEg2RnLDhVt8DtIHe46WVJ-2BEC-2FlthwsCbEwvff8mIP9MMkmtmFLRnjTVtqv3Ur4Q0VIlRul3BBLcgn6XIqWpBulds2NDDuWIlTyzcLdQWYLvkhPIIAYVp4Izl5ojsZRANg-2BbVGRLOhzXL2o1mQiUh2ndjF3GGFiW1kGSMZB6C-2Bg3OlS1wU0DF-2B1yphXRBnSYIV2zpkCDSz36TfMr4s80Jn9JkXyuYQn1BE6PSFYuej3OujXuv4-3D ) Privacy Policy ( https://links.announce.fiverr.com/ls/click?upn=ngPI5cTsN-2BO-2BocNST755lGX9xgJYVZPElYGyvTWnPWXog9nUrwPZHxBnvXA8vDXlw_xU_NK2g6DCkx32G4oyQtQAD4FLIQ0avfBZBMR-2FUAaatE3-2BLpsXibukBSCOHp7fGJAmSwr1GKK9BVK921m8B2pyc-2FyG8-2BhXujAYDUVmBFGp1xkLRW0l-2Fjm3sZbEt6YoxX5zBiaioR6-2BBJZS2e-2Bt-2F7BtWqYwrw956WeBnUFYM5q3W7YN-2FoEmcrI6B-2FH2ZANopUplx0FDCvG6r-2FsKbfSUG0QtF8HMpkhPmHY17c9aTDzDm2bkLXp6gqiH-2BoAKkZZVXxvlFZzpQXu7Oi9wjvna2FNZ8HUMUqSCFB-2F316eCnfDpgIyxcVAwY1Xl-2ByQiIsPigrHH-2BzhTCymAf-2BzyKNC0w7GX9D2KxPmoD-2BXFMd56QMDnjIwlUtl38VOSXcFZ2mxkIT8JrhWICB5CjzyR5Lsu08iOeXr9wRcEOOdp6DE0p7gaKk6FjP3DgOigmck8ekYDnTjrIjfS5nQkR7hZ-2BwBYVDtbCJ7gF5rop91TKYRIb4fZYm4MDCR3aJqAzOA81SDEg2RnLDhVt8DtIHe46WVJ-2BEC-2FlthwsCbEwvff8mIP9MMkmtmFLRnjTVtqv3Ur4Q0VIlRul3BBLcgn6XIqWpBulds2NDIN04kGSgrXmqyyH4BNRlO42PLyBf2to-2F7d0R-2BI-2FXqOkBjnxjzOLl-2BODM2Il5hwzdJ6RTFWeAv96hZezj8cVxgG4OWPHiwaYVxwWycCZP-2Bn1TM5VTzZzcPVBMx8IVS5Ldxl-2FHCG-2B-2FGnxwUfHOcdk7og-3D ) | Support ( https://links.announce.fiverr.com/ls/click?upn=7Y52O7jmMuIdnXoPLV0bPaUU7mOExTkJzGwXXW4ZHH92k4iAqXVNewTHIrKabG6R51qr_NK2g6DCkx32G4oyQtQAD4FLIQ0avfBZBMR-2FUAaatE3-2BLpsXibukBSCOHp7fGJAmSwr1GKK9BVK921m8B2pyc-2FyG8-2BhXujAYDUVmBFGp1xkLRW0l-2Fjm3sZbEt6YoxX5zBiaioR6-2BBJZS2e-2Bt-2F7BtWqYwrw956WeBnUFYM5q3W7YN-2FoEmcrI6B-2FH2ZANopUplx0FDCvG6r-2FsKbfSUG0QtF8HMpkhPmHY17c9aTDzDm2bkLXp6gqiH-2BoAKkZZVXxvlFZzpQXu7Oi9wjvna2FNZ8HUMUqSCFB-2F316eCnfDpgIyxcVAwY1Xl-2ByQiIsPigrHH-2BzhTCymAf-2BzyKNC0w7GX9D2KxPmoD-2BXFMd56QMDnjIwlUtl38VOSXcFZ2mxkIT8JrhWICB5CjzyR5Lsu08iOeXr9wRcEOOdp6DE0p7gaKk6FjP3DgOigmck8ekYDnTjrIjfS5nQkR7hZ-2BwBYVDtbCJ7gF5rop91TKYRIb4fZYm4MDCR3aJqAzOA81SDEg2RnLDhVt8DtIHe46WVJ-2BEC-2FlthwsCbEwvff8mIP9MMkmtmFLRnjTVtqv3Ur4Q0VIlRul3BBLcgn6XIqWpBulds2NDBFkS6On6R2c0pceaOcd9q92LtFjhb0Ub0721pSfNtqwMo9cMlC4NWDx9rJ3QC35hNBz6akBnJjQxKNXiF0uvsJrK0fOdgmIMUCJy8nMdVAuqAOFpue7s8jzPlTQgdTDRJKhLV4z0M5RdoPGTa9ROmk-3D ) | ‚ÄãInvite a Friend ( https://links.announce.fiverr.com/ls/click?upn=ngPI5cTsN-2BO-2BocNST755lErBOTdNCnQDJQ-2FgD6Sm2Ozo5wWTQsQr1VouLaaKS27zCg1L6dytRwo363Ot-2FKQF-2FbG3L9Pgt-2FPse4cMDnUUEWGfrSdo8sw53-2F7TgE-2BMf0yaJj-2F57H8QSKDRDV3mVh5YfQ-3D-3DPMbA_NK2g6DCkx32G4oyQtQAD4FLIQ0avfBZBMR-2FUAaatE3-2BLpsXibukBSCOHp7fGJAmSwr1GKK9BVK921m8B2pyc-2FyG8-2BhXujAYDUVmBFGp1xkLRW0l-2Fjm3sZbEt6YoxX5zBiaioR6-2BBJZS2e-2Bt-2F7BtWqYwrw956WeBnUFYM5q3W7YN-2FoEmcrI6B-2FH2ZANopUplx0FDCvG6r-2FsKbfSUG0QtF8HMpkhPmHY17c9aTDzDm2bkLXp6gqiH-2BoAKkZZVXxvlFZzpQXu7Oi9wjvna2FNZ8HUMUqSCFB-2F316eCnfDpgIyxcVAwY1Xl-2ByQiIsPigrHH-2BzhTCymAf-2BzyKNC0w7GX9D2KxPmoD-2BXFMd56QMDnjIwlUtl38VOSXcFZ2mxkIT8JrhWICB5CjzyR5Lsu08iOeXr9wRcEOOdp6DE0p7gaKk6FjP3DgOigmck8ekYDnTjrIjfS5nQkR7hZ-2BwBYVDtbCJ7gF5rop91TKYRIb4fZYm4MDCR3aJqAzOA81SDEg2RnLDhVt8DtIHe46WVJ-2BEC-2FlthwsCbEwvff8mIP9MMkmtmFLRnjTVtqv3Ur4Q0VIlRul3BBLcgn6XIqWpBulds2NDE2kt8lauTyKiPrPhdNWhWzUuW8SNR4XPc4pu4JAr-2FS3gn05zWKiDV-2B-2B8BdMOpObUb8PVQKzEBj-2Bu043BiKdBt0Ms54VuPp-2BtkiM7d8-2FX0XDRAJZ9ltKxnLhluHc0bjfrGTe3vwhLy-2BbXn-2BiWaes3rs-3D ) | Get Inspired ( https://links.announce.fiverr.com/ls/click?upn=ngPI5cTsN-2BO-2BocNST755lOzoSGD6AVmH5YRLQfuE-2FHZwEzNJ6TNIvv2YAlznWRtUaUxr9lxuJTDoXtIWhtL1MwhNmj58VwEXWYw4aSAsZdcYVD2RRwx-2FbCPaW2n227kl9uV3_NK2g6DCkx32G4oyQtQAD4FLIQ0avfBZBMR-2FUAaatE3-2BLpsXibukBSCOHp7fGJAmSwr1GKK9BVK921m8B2pyc-2FyG8-2BhXujAYDUVmBFGp1xkLRW0l-2Fjm3sZbEt6YoxX5zBiaioR6-2BBJZS2e-2Bt-2F7BtWqYwrw956WeBnUFYM5q3W7YN-2FoEmcrI6B-2FH2ZANopUplx0FDCvG6r-2FsKbfSUG0QtF8HMpkhPmHY17c9aTDzDm2bkLXp6gqiH-2BoAKkZZVXxvlFZzpQXu7Oi9wjvna2FNZ8HUMUqSCFB-2F316eCnfDpgIyxcVAwY1Xl-2ByQiIsPigrHH-2BzhTCymAf-2BzyKNC0w7GX9D2KxPmoD-2BXFMd56QMDnjIwlUtl38VOSXcFZ2mxkIT8JrhWICB5CjzyR5Lsu08iOeXr9wRcEOOdp6DE0p7gaKk6FjP3DgOigmck8ekYDnTjrIjfS5nQkR7hZ-2BwBYVDtbCJ7gF5rop91TKYRIb4fZYm4MDCR3aJqAzOA81SDEg2RnLDhVt8DtIHe46WVJ-2BEC-2FlthwsCbEwvff8mIP9MMkmtmFLRnjTVtqv3Ur4Q0VIlRul3BBLcgn6XIqWpBulds2NDKyZxOXSFznxIldhzWYV48nMDhBlQEWjxDlC8h2Al0LG3mvrAdR4iW9dC-2BxTEVsE85OY-2Fx6s5lDkakZmy7KsCVogsgaIM-2BsXbr2IsFCdXrVolwSB6lGL1h67hPix-2Bg88cpjsJWugxT-2FmPe-2FIllvPeF8-3D ) This email was sent to you by Fiverr International Ltd. You are receiving this email because you signed up for Fiverr. If you wish to unsubscribe from all future emails, please click here ( https://links.announce.fiverr.com/ls/click?upn=ngPI5cTsN-2BO-2BocNST755lOsp9Stf-2FT2dZvnuuS8akHD5OECW1SVN3oTSfM2IITohDxP-2FntHqFRSuT3nP-2Fl51Y3ya2q5HzvtRqNS1GoJ-2BQJTpz-2F5Ta8ju5ODh4kReGsNoln2kZMqyURFKaIESN3in05reEXMdICVT8p08zAvbDu-2BP1pUlPulKpm-2FzQRRiGtgk32E7cMTB5PIpCeFCsbaN96ptGfgVbVuea5Z5lJIkk5rmuysnceECBU79bDQhQZ3UO7uMoRSBxd1oV1cpGOT-2B07ugbEijRHA9Z3vutNQ8r2CVsA-2B-2BDIOhBk-2BCPUi1t2te-2B07Qyf3fo8nRgeSk2SjGtlkIhRILf8EB6xtHL3XnH6pEwqXIGuD8SqdINP7HO3s93PmtJ4H6YMVXIzVjJ4X-2FtW6r-2Br3MzwpNNI2RFFmnEukvZ1n7uJ-2BpsTiQEoE3KWj93-2FIdmS5IZebTPsaLE96vwmZNZrmePKRtyGzwX5hHu3-2BqUVZj97mCb5omS4VgJ9KYTPqmukYR4XqtfUAfWOCy-2FDXLFiuTytW51N8Nxbw-2BAirNOVV9xSG0rh36WheNXg22ISLGlzOb-2FtQGcoJGjt2SKKfl7kvZY6a8ior-2BuQgOHPc2xVKxUSfFltiaQ9evIGt5v0jYMdISAnBgjMheceAZUBpzDd4zi94yWDBYplr54E-2BmmMp5yuEavvDKgXTSLX8dnLo4_NK2g6DCkx32G4oyQtQAD4FLIQ0avfBZBMR-2FUAaatE3-2BLpsXibukBSCOHp7fGJAmSwr1GKK9BVK921m8B2pyc-2FyG8-2BhXujAYDUVmBFGp1xkLRW0l-2Fjm3sZbEt6YoxX5zBiaioR6-2BBJZS2e-2Bt-2F7BtWqYwrw956WeBnUFYM5q3W7YN-2FoEmcrI6B-2FH2ZANopUplx0FDCvG6r-2FsKbfSUG0QtF8HMpkhPmHY17c9aTDzDm2bkLXp6gqiH-2BoAKkZZVXxvlFZzpQXu7Oi9wjvna2FNZ8HUMUqSCFB-2F316eCnfDpgIyxcVAwY1Xl-2ByQiIsPigrHH-2BzhTCymAf-2BzyKNC0w7GX9D2KxPmoD-2BXFMd56QMDnjIwlUtl38VOSXcFZ2mxkIT8JrhWICB5CjzyR5Lsu08iOeXr9wRcEOOdp6DE0p7gaKk6FjP3DgOigmck8ekYDnTjrIjfS5nQkR7hZ-2BwBYVDtbCJ7gF5rop91TKYRIb4fZYm4MDCR3aJqAzOA81SDEg2RnLDhVt8DtIHe46WVJ-2BEC-2FlthwsCbEwvff8mIP9MMkmtmFLRnjTVtqv3Ur4Q0VIlRul3BBLcgn6XIqWpBulds2NDFG116nUWcf6f549UfLIyct9lrBPrEIyv-2FELJiqMtrCC9yznrBtHrNpjwPJWSN71ICK9Br25GBCczxyLndPnSlAKjuqJSr7KGd3IHJuGL06NxLFKlPfN3R1lyHOuXepZITLOMt4-2FEEdUTQ83BWif1ws-3D ). Fiverr International Ltd. | 38 Greene St. | New York, NY 10013, USA ( https://links.announce.fiverr.com/ls/click?upn=ngPI5cTsN-2BO-2BocNST755lOBqv7nFy8h7-2B3DzvM9i7FfKTHJX8cD4Lf96O14PyJ4kEfiUcgIPZ6WfGFs1wEYkTkNXhaLI5KA9pAEwP-2BUftGfFnJ3E7tIqzwYW74VtKLwH6pBDzxItQIDDM4smqwSN8A-3D-3Df17X_NK2g6DCkx32G4oyQtQAD4FLIQ0avfBZBMR-2FUAaatE3-2BLpsXibukBSCOHp7fGJAmSwr1GKK9BVK921m8B2pyc-2FyG8-2BhXujAYDUVmBFGp1xkLRW0l-2Fjm3sZbEt6YoxX5zBiaioR6-2BBJZS2e-2Bt-2F7BtWqYwrw956WeBnUFYM5q3W7YN-2FoEmcrI6B-2FH2ZANopUplx0FDCvG6r-2FsKbfSUG0QtF8HMpkhPmHY17c9aTDzDm2bkLXp6gqiH-2BoAKkZZVXxvlFZzpQXu7Oi9wjvna2FNZ8HUMUqSCFB-2F316eCnfDpgIyxcVAwY1Xl-2ByQiIsPigrHH-2BzhTCymAf-2BzyKNC0w7GX9D2KxPmoD-2BXFMd56QMDnjIwlUtl38VOSXcFZ2mxkIT8JrhWICB5CjzyR5Lsu08iOeXr9wRcEOOdp6DE0p7gaKk6FjP3DgOigmck8ekYDnTjrIjfS5nQkR7hZ-2BwBYVDtbCJ7gF5rop91TKYRIb4fZYm4MDCR3aJqAzOA81SDEg2RnLDhVt8DtIHe46WVJ-2BEC-2FlthwsCbEwvff8mIP9MMkmtmFLRnjTVtqv3Ur4Q0VIlRul3BBLcgn6XIqWpBulds2NDFm28S9-2BXC3LFeodMWiJG3zHyFqQdxNmnCL-2BrS7FwtqD5WbtrEL2T4LisnN5b7jd-2Bpqo8gzOHu8P-2BtXJ-2BaQgjkzP49h9wKWWYAp4CWEE8XxwO7L4DOKkqtNKTRa7orIcP3Wp1w6i3bTzAhBO9yZluFk-3D ) ( https://links.announce.fiverr.com/ls/click?upn=ngPI5cTsN-2BO-2BocNST755lJ4NjCwuuE13OHFrqw5qOGew4QylobOU2CI7va7NQsSaOOViCttLUsdfez-2Fsp-2FHB81UnTMkmZSgE2XPBTxnWtDop7o2ZE71GPVICXt2s-2B-2FUpzTgQmB0J215VE-2BI-2FuN1mNs-2Bf8-2Fgt-2BE5fP6wlaz9R7E4-3D9biM_NK2g6DCkx32G4oyQtQAD4FLIQ0avfBZBMR-2FUAaatE3-2BLpsXibukBSCOHp7fGJAmSwr1GKK9BVK921m8B2pyc-2FyG8-2BhXujAYDUVmBFGp1xkLRW0l-2Fjm3sZbEt6YoxX5zBiaioR6-2BBJZS2e-2Bt-2F7BtWqYwrw956WeBnUFYM5q3W7YN-2FoEmcrI6B-2FH2ZANopUplx0FDCvG6r-2FsKbfSUG0QtF8HMpkhPmHY17c9aTDzDm2bkLXp6gqiH-2BoAKkZZVXxvlFZzpQXu7Oi9wjvna2FNZ8HUMUqSCFB-2F316eCnfDpgIyxcVAwY1Xl-2ByQiIsPigrHH-2BzhTCymAf-2BzyKNC0w7GX9D2KxPmoD-2BXFMd56QMDnjIwlUtl38VOSXcFZ2mxkIT8JrhWICB5CjzyR5Lsu08iOeXr9wRcEOOdp6DE0p7gaKk6FjP3DgOigmck8ekYDnTjrIjfS5nQkR7hZ-2BwBYVDtbCJ7gF5rop91TKYRIb4fZYm4MDCR3aJqAzOA81SDEg2RnLDhVt8DtIHe46WVJ-2BEC-2FlthwsCbEwvff8mIP9MMkmtmFLRnjTVtqv3Ur4Q0VIlRul3BBLcgn6XIqWpBulds2NDCD49tEv3V4gyFpQ6zVIndJPftBcryUbYNeWUXrPL87EebdcAK-2BMy4838iczmY20MxJxqkFA7vNd9ou4BdvWIJRkj6a90DutmDdR0loQIS6a4IJfh56cHojBDxlE72wuROA49M1hAk648soPlw3nAeU-3D ) #_eoa_div, #_eoa_img { display:none; } @media print{ #_eoa_div { background-image: url('https://links.announce.fiverr.com/ls/click?upn=ngPI5cTsN-2BO-2BocNST755lDs3vDBK87cCroT3DcslDoebqBntJs2Won-2FWC59-2BEyrAc9Hn6soojbXpCAEfrrOPOuL2974uYqQVZfzOsMMXJLrYQSTxhj-2FuNaJSlwinrEkLWzTN_NK2g6DCkx32G4oyQtQAD4FLIQ0avfBZBMR-2FUAaatE3-2BLpsXibukBSCOHp7fGJAmSwr1GKK9BVK921m8B2pyc-2FyG8-2BhXujAYDUVmBFGp1xkLRW0l-2Fjm3sZbEt6YoxX5zBiaioR6-2BBJZS2e-2Bt-2F7BtWqYwrw956WeBnUFYM5q3W7YN-2FoEmcrI6B-2FH2ZANopUplx0FDCvG6r-2FsKbfSUG0QtF8HMpkhPmHY17c9aTDzDm2bkLXp6gqiH-2BoAKkZZVXxvlFZzpQXu7Oi9wjvna2FNZ8HUMUqSCFB-2F316eCnfDpgIyxcVAwY1Xl-2ByQiIsPigrHH-2BzhTCymAf-2BzyKNC0w7GX9D2KxPmoD-2BXFMd56QMDnjIwlUtl38VOSXcFZ2mxkIT8JrhWICB5CjzyR5Lsu08iOeXr9wRcEOOdp6DE0p7gaKk6FjP3DgOigmck8ekYDnTjrIjfS5nQkR7hZ-2BwBYVDtbCJ7gF5rop91TKYRIb4fZYm4MDCR3aJqAzOA81SDEg2RnLDhVt8DtIHe46WVJ-2BEC-2FlthwsCbEwvff8mIP9MMkmtmFLRnjTVtqv3Ur4Q0VIlRul3BBLcgn6XIqWpBulds2NDFobrsBXFnvq6DX6gbU6QT3xBB-2FcsJjakSq5734NSJE6ExACc6jizJalLuFqhdpPTcoIKqOwo-2BWydMXPH-2BK8uIqn8cLPzkeO2LdgH3zQNvR5x7AOmwaYjMII7EB69BuujPcEPzX39EWljYxWZka3MB0-3D } } div.OutlookMessageHeader, table.moz-email-headers-table, blockquote #_eoa_div, #mailContainerBody #_eoa_div { background-image:url('https://links.announce.fiverr.com/ls/click?upn=ngPI5cTsN-2BO-2BocNST755lDs3vDBK87cCroT3DcslDoebqBntJs2Won-2FWC59-2BEyrAc9Hn6soojbXpCAEfrrOPOuL2974uYqQVZfzOsMMXJLrqxq83XR7FUJYY9tQKgeuReo2w_NK2g6DCkx32G4oyQtQAD4FLIQ0avfBZBMR-2FUAaatE3-2BLpsXibukBSCOHp7fGJAmSwr1GKK9BVK921m8B2pyc-2FyG8-2BhXujAYDUVmBFGp1xkLRW0l-2Fjm3sZbEt6YoxX5zBiaioR6-2BBJZS2e-2Bt-2F7BtWqYwrw956WeBnUFYM5q3W7YN-2FoEmcrI6B-2FH2ZANopUplx0FDCvG6r-2FsKbfSUG0QtF8HMpkhPmHY17c9aTDzDm2bkLXp6gqiH-2BoAKkZZVXxvlFZzpQXu7Oi9wjvna2FNZ8HUMUqSCFB-2F316eCnfDpgIyxcVAwY1Xl-2ByQiIsPigrHH-2BzhTCymAf-2BzyKNC0w7GX9D2KxPmoD-2BXFMd56QMDnjIwlUtl38VOSXcFZ2mxkIT8JrhWICB5CjzyR5Lsu08iOeXr9wRcEOOdp6DE0p7gaKk6FjP3DgOigmck8ekYDnTjrIjfS5nQkR7hZ-2BwBYVDtbCJ7gF5rop91TKYRIb4fZYm4MDCR3aJqAzOA81SDEg2RnLDhVt8DtIHe46WVJ-2BEC-2FlthwsCbEwvff8mIP9MMkmtmFLRnjTVtqv3Ur4Q0VIlRul3BBLcgn6XIqWpBulds2NDEYCjGqIXyZmfArfm2-2FKQ4dB4iAkqDVeMAYuDEr2eEsb4URoP1XR8-2FMeBqe2wermteSKmOEHTEW22D-2B0G2uWFsYgTdGx13FxqHrEqc1STmZJk03D32yw51ra8xV91WCNWf1tyGetwXkAZikF4ivFb8s-3D }",0,promotions,no-reply@announce.fiverr.com,30-04-2023
